{"EconomicLoss": {"MedianLossRatio": 0.023188243723462735, "MedianRepairCost": 5683.5671478957029, "MeanRepairCost": 10098.338416839151, "StdRepairCost": 11447.653256609239, "10PercentileLoss": 1114.4332473680222, "90PercentileLoss": 22193.220252399984}, "RepairTime": {"MedianRepairTime": 6.3817753612818393}, "UnsafePlacards": {"Tag": "none", "RedTagProbability": 0.029499999999999998}, "Name": "11", "MaxPGA": 1.5994999999999999}