{"EconomicLoss": {"MedianLossRatio": 0.025171489232440874, "MedianRepairCost": 5852.8787188683218, "MeanRepairCost": 9994.4037024275058, "StdRepairCost": 11271.857946128228, "10PercentileLoss": 1090.3865330552617, "90PercentileLoss": 21470.5229030343}, "RepairTime": {"MedianRepairTime": 6.4396467133593891}, "UnsafePlacards": {"Tag": "none", "RedTagProbability": 0.02775}, "Name": "12", "MaxPGA": 1.5994999999999999}