{"EconomicLoss": {"MedianLossRatio": 0.14760890527353632, "MedianRepairCost": 78054.485200687021, "MeanRepairCost": 86934.77168521173, "StdRepairCost": 49359.804632680265, "10PercentileLoss": 31083.412800647402, "90PercentileLoss": 154707.57496181119}, "RepairTime": {"MedianRepairTime": 53.322220660606185}, "UnsafePlacards": {"Tag": "none", "RedTagProbability": 0.3095}, "Name": "13", "MaxPGA": 1.5994999999999999}