{"EconomicLoss": {"MedianLossRatio": 0.28681565034672007, "MedianRepairCost": 60181.151942851291, "MeanRepairCost": 65669.295146940494, "StdRepairCost": 36980.106850002987, "10PercentileLoss": 22566.162813105155, "90PercentileLoss": 116412.68424230817}, "RepairTime": {"MedianRepairTime": 41.058781473280035}, "UnsafePlacards": {"Tag": "none", "RedTagProbability": 0.32024999999999998}, "Name": "14", "MaxPGA": 1.5994999999999999}