{"EconomicLoss": {"MedianLossRatio": 0.076345227053882067, "MedianRepairCost": 100336.28605345981, "MeanRepairCost": 111149.61755889296, "StdRepairCost": 60371.201460295299, "10PercentileLoss": 43059.146824999487, "90PercentileLoss": 193380.91752010229}, "RepairTime": {"MedianRepairTime": 67.965229487976259}, "UnsafePlacards": {"Tag": "none", "RedTagProbability": 0.30675000000000002}, "Name": "15", "MaxPGA": 1.5994999999999999}