{"EconomicLoss": {"MedianLossRatio": 0.030946902396665428, "MedianRepairCost": 5222.8455981830957, "MeanRepairCost": 9161.6011102349021, "StdRepairCost": 10856.419331329809, "10PercentileLoss": 733.77140712279527, "90PercentileLoss": 19786.968610124277}, "RepairTime": {"MedianRepairTime": 5.5485183558480564}, "UnsafePlacards": {"Tag": "none", "RedTagProbability": 0.032500000000000001}, "Name": "16", "MaxPGA": 1.5994999999999999}